<?xml version="1.0" encoding="UTF-8"?>
<project-private xmlns="http://www.netbeans.org/ns/project-private/1">
    <editor-bookmarks xmlns="http://www.netbeans.org/ns/editor-bookmarks/2" lastBookmarkId="0"/>
    <open-files xmlns="http://www.netbeans.org/ns/projectui-open-files/2">
        <group>
            <file>file:/C:/Users/scya/Desktop/vehiclerentalmanagementsystem/src/vehiclerentalmanagementsystem/Dashboard.java</file>
            <file>file:/C:/Users/scya/Desktop/vehiclerentalmanagementsystem/src/vehiclerentalmanagementsystem/vehiclecustomerform.java</file>
            <file>file:/C:/Users/scya/Desktop/vehiclerentalmanagementsystem/src/vehiclerentalmanagementsystem/Login.java</file>
            <file>file:/C:/Users/scya/Desktop/vehiclerentalmanagementsystem/src/vehiclerentalmanagementsystem/splach.java</file>
            <file>file:/C:/Users/scya/Desktop/vehiclerentalmanagementsystem/src/vehiclerentalmanagementsystem/addVehicle.java</file>
            <file>file:/C:/Users/scya/Desktop/vehiclerentalmanagementsystem/src/vehiclerentalmanagementsystem/homescreen.java</file>
            <file>file:/C:/Users/scya/Desktop/vehiclerentalmanagementsystem/src/vehiclerentalmanagementsystem/searchvehicle.java</file>
            <file>file:/C:/Users/scya/Desktop/vehiclerentalmanagementsystem/src/vehiclerentalmanagementsystem/vehicleinfo.java</file>
            <file>file:/C:/Users/scya/Desktop/vehiclerentalmanagementsystem/src/vehiclerentalmanagementsystem/con.java</file>
            <file>file:/C:/Users/scya/Desktop/vehiclerentalmanagementsystem/src/vehiclerentalmanagementsystem/vehiclecustomerinfo.java</file>
            <file>file:/C:/Users/scya/Desktop/vehiclerentalmanagementsystem/src/vehiclerentalmanagementsystem/driverInfo.java</file>
            <file>file:/C:/Users/scya/Desktop/vehiclerentalmanagementsystem/src/vehiclerentalmanagementsystem/addDrivers.java</file>
            <file>file:/C:/Users/scya/Desktop/vehiclerentalmanagementsystem/src/vehiclerentalmanagementsystem/vehicalreturn.java</file>
        </group>
    </open-files>
</project-private>
